"Date","Week day","ON","1W","1M","2M","ThreeM","6M","12M"
"30.12.2022","Fri","4.31800","","4.39157","","4.76729","5.13886","5.48214"
"29.12.2022","Thu","4.31186","","4.36871","","4.75386","5.13757","5.44257"
"28.12.2022","Wed","4.31643","","4.38357","","4.72986","5.15114","5.47029"
"23.12.2022","Fri","4.31671","","4.38686","","4.72643","5.15314","5.44386"
"22.12.2022","Thu","4.31500","","4.38871","","4.72386","5.14857","5.41586"
"21.12.2022","Wed","4.32057","","4.38557","","4.72900","5.16143","5.43143"
"20.12.2022","Tue","4.31543","","4.36129","","4.75257","5.17671","5.45871"
"19.12.2022","Mon","4.32029","","4.35386","","4.73829","5.14986","5.42771"
"16.12.2022","Fri","4.31700","","4.35286","","4.74586","5.18686","5.47886"
"15.12.2022","Thu","4.31829","","4.33914","","4.73771","5.15229","5.46729"
"14.12.2022","Wed","3.81586","","4.32629","","4.73629","5.12529","5.40686"
"13.12.2022","Tue","3.81786","","4.31786","","4.76900","5.20571","5.55129"
"12.12.2022","Mon","3.81186","","4.29214","","4.75271","5.16100","5.52557"
"09.12.2022","Fri","3.81800","","4.27029","","4.73314","5.13971","5.49943"
"08.12.2022","Thu","3.82000","","4.27429","","4.73514","5.15871","5.50043"
"07.12.2022","Wed","3.82014","","4.23614","","4.72343","5.17243","5.52457"
"06.12.2022","Tue","3.81729","","4.22143","","4.73457","5.20200","5.56414"
"05.12.2022","Mon","3.81671","","4.21729","","4.72343","5.18686","5.51243"
"02.12.2022","Fri","3.81543","","4.18486","","4.73257","5.14914","5.42943"
"01.12.2022","Thu","3.82400","","4.17229","","4.76500","5.17557","5.49471"
"30.11.2022","Wed","3.82314","","4.14200","","4.77857","5.20343","5.57157"
"29.11.2022","Tue","3.81743","","4.12014","","4.76057","5.20886","5.55343"
"28.11.2022","Mon","3.81643","","4.07143","","4.73486","5.21043","5.57214"
"25.11.2022","Fri","3.81200","","4.05471","","4.73386","5.21871","5.59800"
"24.11.2022","Thu","","","4.02914","","4.73629","5.18257","5.56014"
"23.11.2022","Wed","3.81886","","4.04357","","4.75729","5.22529","5.63886"
"22.11.2022","Tue","3.81843","","4.01614","","4.69871","5.16214","5.57886"
"21.11.2022","Mon","3.81143","","3.97900","","4.69186","5.17157","5.56586"
"18.11.2022","Fri","3.81214","","3.95671","","4.66486","5.14271","5.50943"
"17.11.2022","Thu","3.81271","","3.93857","","4.67543","5.12243","5.45786"
"16.11.2022","Wed","3.81729","","3.91071","","4.67429","5.08200","5.46486"
"15.11.2022","Tue","3.81357","","3.90357","","4.64971","5.08500","5.46014"
"14.11.2022","Mon","3.81857","","3.88657","","4.64386","5.10386","5.48357"
"11.11.2022","Fri","","","3.87529","","4.60614","5.08400","5.45129"
"10.11.2022","Thu","3.81486","","3.87314","","4.64971","5.13357","5.63129"
"09.11.2022","Wed","3.81214","","3.87857","","4.63000","5.15629","5.63286"
"08.11.2022","Tue","3.81557","","3.85871","","4.59200","5.13443","5.64029"
"07.11.2022","Mon","3.81800","","3.85514","","4.55729","5.02286","5.61214"
"04.11.2022","Fri","3.81629","","3.85814","","4.55029","5.01129","5.66643"
"03.11.2022","Thu","3.81329","","3.84657","","4.53157","4.99729","5.65357"
"02.11.2022","Wed","3.06314","","3.83571","","4.50843","4.97071","5.53600"
"01.11.2022","Tue","3.05886","","3.84157","","4.45971","4.91857","5.44543"
"31.10.2022","Mon","3.06314","","3.80486","","4.46029","4.91586","5.44829"
"28.10.2022","Fri","3.06386","","3.76771","","4.43957","4.93086","5.36900"
"27.10.2022","Thu","3.06329","","3.75386","","4.41471","4.92829","5.37243"
"26.10.2022","Wed","3.06086","","3.63229","","4.37386","4.93186","5.39343"
"25.10.2022","Tue","3.06271","","3.59643","","4.35800","4.91557","5.39971"
"24.10.2022","Mon","3.06571","","3.57643","","4.32686","4.87700","5.36600"
"21.10.2022","Fri","3.06686","","3.58557","","4.35843","4.87500","5.47557"
"20.10.2022","Thu","3.06114","","3.57243","","4.32457","4.83186","5.42114"
"19.10.2022","Wed","3.06057","","3.50071","","4.27757","4.73743","5.33943"
"18.10.2022","Tue","3.06229","","3.48914","","4.24257","4.71500","5.33886"
"17.10.2022","Mon","3.06086","","3.47986","","4.22657","4.67371","5.31243"
"14.10.2022","Fri","3.06614","","3.44300","","4.19371","4.68529","5.28314"
"13.10.2022","Thu","3.06171","","3.41214","","4.07914","4.53857","5.10600"
"12.10.2022","Wed","3.06457","","3.33871","","4.01086","4.49000","5.06771"
"11.10.2022","Tue","3.05943","","3.34557","","3.94071","4.45329","5.09843"
"10.10.2022","Mon","","","3.31671","","3.91914","4.42743","5.05000"
"07.10.2022","Fri","3.06629","","3.31357","","3.90871","4.38471","4.99629"
"06.10.2022","Thu","3.05871","","3.30029","","3.82571","4.30757","4.88471"
"05.10.2022","Wed","3.05643","","3.19814","","3.78400","4.28371","4.82500"
"04.10.2022","Tue","3.06843","","3.18571","","3.74071","4.24214","4.72414"
"03.10.2022","Mon","3.06629","","3.17443","","3.74829","4.27286","4.80271"
"30.09.2022","Fri","3.06514","","3.14271","","3.75471","4.23200","4.78057"
"29.09.2022","Thu","3.06100","","3.12786","","3.74286","4.20929","4.78729"
"28.09.2022","Wed","3.06400","","3.11529","","3.67414","4.16986","4.77600"
"27.09.2022","Tue","3.06400","","3.12057","","3.64186","4.20814","4.85171"
"26.09.2022","Mon","3.06329","","3.11314","","3.64086","4.24586","4.90500"
"23.09.2022","Fri","3.06943","","3.08029","","3.62843","4.20129","4.83486"
"22.09.2022","Thu","3.07171","","3.08400","","3.64143","4.18271","4.79957"
"21.09.2022","Wed","2.31971","","3.05900","","3.60386","4.12400","4.68243"
"20.09.2022","Tue","2.31543","","3.05186","","3.60171","4.17514","4.69943"
"16.09.2022","Fri","2.31557","","3.01386","","3.56529","4.12329","4.67214"
"15.09.2022","Thu","2.32100","","2.99343","","3.52714","4.06300","4.62143"
"14.09.2022","Wed","2.32214","","2.93914","","3.48343","4.01014","4.53214"
"13.09.2022","Tue","2.31143","","2.81771","","3.29257","3.83686","4.23900"
"12.09.2022","Mon","2.31771","","2.78343","","3.27014","3.80643","4.24557"
"09.09.2022","Fri","2.31457","","2.75643","","3.24543","3.81114","4.18900"
"08.09.2022","Thu","2.31071","","2.75643","","3.23571","3.77986","4.20300"
"07.09.2022","Wed","2.31243","","2.70457","","3.19400","3.75214","4.18886"
"06.09.2022","Tue","2.31100","","2.68486","","3.16786","3.71029","4.17057"
"05.09.2022","Mon","","","2.64286","","3.14486","3.68986","4.14871"
"02.09.2022","Fri","2.31471","","2.65571","","3.15814","3.73657","4.22057"
"01.09.2022","Thu","2.32000","","2.63329","","3.14414","3.70171","4.20943"
"31.08.2022","Wed","2.31629","","2.63329","","3.09971","3.66057","4.22314"
"30.08.2022","Tue","2.30829","","2.56400","","3.08214","3.59543","4.15986"
"26.08.2022","Fri","2.30914","","2.52386","","3.06957","3.56643","4.12329"
"25.08.2022","Thu","2.32043","","2.49343","","3.04314","3.52686","4.09729"
"24.08.2022","Wed","2.32143","","2.45486","","3.01000","3.49343","4.07914"
"23.08.2022","Tue","2.31257","","2.44371","","2.99686","3.56557","4.09114"
"22.08.2022","Mon","2.31714","","2.42743","","2.97971","3.56557","4.03214"
"19.08.2022","Fri","2.32114","","2.38671","","2.95771","3.54757","4.01586"
"18.08.2022","Thu","2.31786","","2.36814","","2.98400","3.50757","3.99571"
"17.08.2022","Wed","2.31357","","2.36557","","2.97657","3.50771","3.99557"
"16.08.2022","Tue","2.97657","","2.37700","","2.96057","3.50600","3.95071"
"15.08.2022","Mon","2.31886","","2.37971","","2.94186","3.53300","3.99457"
"12.08.2022","Fri","2.31486","","2.38686","","2.92157","3.50929","3.95900"
"11.08.2022","Thu","2.32400","","2.39100","","2.90514","3.48871","3.92814"
"10.08.2022","Wed","2.31629","","2.40043","","2.92271","3.54657","3.99814"
"09.08.2022","Tue","2.31800","","2.38014","","2.92100","3.55043","3.99086"
"08.08.2022","Mon","2.31729","","2.38857","","2.91157","3.56886","3.99471"
"05.08.2022","Fri","2.31200","","2.36943","","2.86671","3.42557","3.85986"
"04.08.2022","Thu","2.30957","","2.37271","","2.86329","3.39271","3.87900"
"03.08.2022","Wed","2.31029","","2.37629","","2.83229","3.38900","3.84314"
"02.08.2022","Tue","2.30714","","2.35729","","2.80700","3.31343","3.70771"
"01.08.2022","Mon","2.31157","","2.36686","","2.80214","3.37614","3.74214"
"29.07.2022","Fri","2.32157","","2.36229","","2.78829","3.32986","3.70729"
"28.07.2022","Thu","2.30343","","2.37314","","2.78229","3.34071","3.76214"
"27.07.2022","Wed","1.56343","","2.37229","","2.80586","3.37071","3.81200"
"26.07.2022","Tue","1.55943","","2.34600","","2.79286","3.34643","3.80700"
"25.07.2022","Mon","1.56586","","2.29971","","2.76929","3.28529","3.77529"
"22.07.2022","Fri","1.56457","","2.25229","","2.76629","3.32286","3.81429"
"21.07.2022","Thu","1.56571","","2.25900","","2.78300","3.37743","3.91871"
"20.07.2022","Wed","1.56914","","2.21357","","2.75900","3.33386","3.89300"
"19.07.2022","Tue","1.56214","","2.16157","","2.73171","3.29886","3.86957"
"18.07.2022","Mon","1.57014","","2.12643","","2.70986","3.26743","3.86300"
"15.07.2022","Fri","1.56514","","2.12029","","2.73757","3.31129","3.89643"
"14.07.2022","Thu","1.55814","","2.15600","","2.74029","3.38129","3.97829"
"13.07.2022","Wed","1.56129","","1.99914","","2.51200","3.06100","3.73414"
"12.07.2022","Tue","1.56829","","1.97143","","2.48300","3.06443","3.68671"
"11.07.2022","Mon","1.56386","","1.96443","","2.45514","3.07043","3.72200"
"08.07.2022","Fri","1.56057","","1.89971","","2.42300","3.04843","3.64486"
"07.07.2022","Thu","1.56771","","1.87214","","2.42757","3.05614","3.65743"
"06.07.2022","Wed","1.56243","","1.80686","","2.39057","2.99886","3.55400"
"05.07.2022","Tue","1.56343","","1.79100","","2.34829","2.96657","3.59229"
"04.07.2022","Mon","","","1.77729","","2.32171","2.94329","3.55129"
"01.07.2022","Fri","1.56729","","1.79757","","2.29286","2.89929","3.56429"
"30.06.2022","Thu","1.57900","","1.78671","","2.28514","2.93514","3.61900"
"29.06.2022","Wed","1.57029","","1.71314","","2.27714","2.94671","3.61357"
"28.06.2022","Tue","1.57086","","1.66614","","2.25043","2.87686","3.60729"
"27.06.2022","Mon","1.57100","","1.65229","","2.23157","2.86214","3.57200"
"24.06.2022","Fri","1.57614","","1.63271","","2.23443","2.86657","3.54471"
"23.06.2022","Thu","1.57100","","1.62357","","2.19729","2.83529","3.53329"
"22.06.2022","Wed","1.57129","","1.63271","","2.18457","2.82657","3.57986"
"21.06.2022","Tue","1.57500","","1.64157","","2.15443","2.84186","3.62543"
"20.06.2022","Mon","","","1.62629","","2.12343","2.81286","3.62057"
"17.06.2022","Fri","1.56743","","1.61229","","2.09586","2.78043","3.58586"
"16.06.2022","Thu","1.56486","","1.59514","","2.06343","2.74757","3.67400"
"15.06.2022","Wed","0.82486","","1.52343","","2.02957","2.74829","3.61257"
"14.06.2022","Tue","0.81586","","1.50929","","2.00329","2.66800","3.58129"
"13.06.2022","Mon","0.82029","","1.32400","","1.82886","2.51014","3.36986"
"10.06.2022","Fri","0.81929","","1.28214","","1.74471","2.31157","3.00543"
"09.06.2022","Thu","0.82000","","1.25471","","1.72129","2.29429","2.95857"
"08.06.2022","Wed","0.81957","","1.19971","","1.68771","2.26643","2.91214"
"07.06.2022","Tue","0.82657","","1.19029","","1.69043","2.23843","2.88957"
"06.06.2022","Mon","0.82143","","1.15971","","1.66500","2.18800","2.85229"
"01.06.2022","Wed","0.81914","","1.11971","","1.62600","2.10929","2.77543"
"31.05.2022","Tue","0.82200","","1.11986","","1.61071","2.10600","2.74000"
"30.05.2022","Mon","","","1.06157","","1.58043","2.06886","2.69757"
"27.05.2022","Fri","0.82557","","1.06171","","1.59786","2.08614","2.69571"
"26.05.2022","Thu","0.81729","","1.05957","","1.57486","2.07571","2.68157"
"25.05.2022","Wed","0.81943","","1.02300","","1.55286","2.05429","2.68400"
"24.05.2022","Tue","0.82386","","1.01657","","1.53100","2.07114","2.68886"
"23.05.2022","Mon","0.82314","","1.00571","","1.52386","2.06186","2.71800"
"20.05.2022","Fri","0.82471","","0.97357","","1.50643","2.06557","2.73000"
"19.05.2022","Thu","0.82000","","0.96071","","1.50486","2.02557","2.70600"
"18.05.2022","Wed","0.82029","","0.92729","","1.47800","2.03314","2.74100"
"17.05.2022","Tue","0.82014","","0.92843","","1.44757","2.00514","2.67771"
"16.05.2022","Mon","0.82229","","0.93557","","1.45500","2.01700","2.65686"
"13.05.2022","Fri","0.82571","","0.88671","","1.44371","1.99500","2.65214"
"12.05.2022","Thu","0.82686","","0.87471","","1.41129","1.95886","2.62986"
"11.05.2022","Wed","0.82600","","0.85414","","1.42186","1.96271","2.61671"
"10.05.2022","Tue","0.82371","","0.84314","","1.39986","1.93200","2.58829"
"09.05.2022","Mon","0.82500","","0.84443","","1.39857","1.98014","2.67486"
"06.05.2022","Fri","0.81857","","0.84214","","1.40186","1.96457","2.69471"
"05.05.2022","Thu","0.81514","","0.84486","","1.37071","1.97214","2.67214"
"04.05.2022","Wed","0.33029","","0.84514","","1.40614","2.01957","2.74843"
"03.05.2022","Tue","0.33029","","0.83171","","1.36329","1.98086","2.69486"
"29.04.2022","Fri","0.33000","","0.80329","","1.33486","1.91071","2.62857"
"28.04.2022","Thu","0.32500","","0.80000","","1.28600","1.84814","2.54914"
"27.04.2022","Wed","0.32486","","0.76371","","1.23886","1.82629","2.54414"
"26.04.2022","Tue","0.33014","","0.74871","","1.23814","1.82771","2.54629"
"25.04.2022","Mon","0.33043","","0.69800","","1.22486","1.81871","2.55171"
"22.04.2022","Fri","0.32643","","0.70343","","1.21371","1.82371","2.60671"
"21.04.2022","Thu","0.32643","","0.66786","","1.18400","1.72157","2.44043"
"20.04.2022","Wed","0.32343","","0.63157","","1.13629","1.67457","2.36886"
"19.04.2022","Tue","0.33100","","0.62471","","1.09829","1.60714","2.30257"
"14.04.2022","Thu","0.32229","","0.59443","","1.06271","1.55671","2.22157"
"13.04.2022","Wed","0.32729","","0.55414","","1.04429","1.55157","2.25143"
"12.04.2022","Tue","0.32629","","0.55129","","1.03843","1.56414","2.30771"
"11.04.2022","Mon","0.32586","","0.52457","","1.02143","1.55343","2.28043"
"08.04.2022","Fri","0.32757","","0.51400","","1.01071","1.54043","2.27157"
"07.04.2022","Thu","0.32114","","0.48814","","0.98886","1.50257","2.21486"
"06.04.2022","Wed","0.32800","","0.45143","","0.98643","1.50171","2.24343"
"05.04.2022","Tue","0.32614","","0.44600","","0.96657","1.47486","2.22786"
"04.04.2022","Mon","0.32757","","0.42857","","0.96900","1.49271","2.20143"
"01.04.2022","Fri","0.32729","","0.43757","","0.96200","1.48914","2.17157"
"31.03.2022","Thu","0.33171","","0.45200","","0.96157","1.46986","2.10143"
"30.03.2022","Wed","0.32814","","0.45514","","0.96686","1.47200","2.12586"
"29.03.2022","Tue","0.32757","","0.45743","","1.00600","1.49971","2.20300"
"28.03.2022","Mon","0.32786","","0.44943","","0.99629","1.49271","2.19886"
"25.03.2022","Fri","0.32657","","0.44514","","0.98286","1.45114","2.08871"
"24.03.2022","Thu","0.32786","","0.44714","","0.96557","1.42586","2.05786"
"23.03.2022","Wed","0.32871","","0.45657","","0.96571","1.38971","2.01086"
"22.03.2022","Tue","0.32743","","0.45486","","0.95371","1.38457","2.01257"
"21.03.2022","Mon","0.33014","","0.44400","","0.95757","1.33614","1.86814"
"18.03.2022","Fri","0.32871","","0.44657","","0.93400","1.28757","1.78643"
"17.03.2022","Thu","0.32600","","0.44857","","0.92786","1.27443","1.77571"
"16.03.2022","Wed","0.08029","","0.46757","","0.94814","1.25671","1.71529"
"15.03.2022","Tue","0.07957","","0.44143","","0.91643","1.23786","1.68514"
"14.03.2022","Mon","0.07914","","0.43057","","0.88471","1.17500","1.65686"
"11.03.2022","Fri","0.07929","","0.39657","","0.82600","1.13057","1.59600"
"10.03.2022","Thu","0.07929","","0.38700","","0.80286","1.10286","1.53486"
"09.03.2022","Wed","0.07843","","0.35171","","0.74500","1.04486","1.48657"
"08.03.2022","Tue","0.07800","","0.32114","","0.70300","1.02371","1.44686"
"07.03.2022","Mon","0.07986","","0.30629","","0.64286","0.97914","1.38229"
"04.03.2022","Fri","0.07814","","0.31014","","0.61014","0.93943","1.35286"
"03.03.2022","Thu","0.07900","","0.28914","","0.58314","0.89000","1.33186"
"02.03.2022","Wed","0.07943","","0.24243","","0.52214","0.79586","1.21829"
"01.03.2022","Tue","0.07700","","0.23457","","0.51086","0.76386","1.17671"
"28.02.2022","Mon","0.07714","","0.24143","","0.50429","0.80471","1.28800"
"25.02.2022","Fri","0.07714","","0.23057","","0.52300","0.82871","1.33071"
"24.02.2022","Thu","0.07743","","0.20857","","0.50786","0.80443","1.28629"
"23.02.2022","Wed","0.07743","","0.18686","","0.49757","0.82629","1.33686"
"22.02.2022","Tue","0.07657","","0.17586","","0.48786","0.78143","1.28857"
"21.02.2022","Mon","","","0.16200","","0.46386","0.75829","1.25771"
"18.02.2022","Fri","0.07557","","0.17071","","0.47957","0.78129","1.28586"
"17.02.2022","Thu","0.07629","","0.16171","","0.48100","0.77357","1.28886"
"16.02.2022","Wed","0.07371","","0.13671","","0.48814","0.78714","1.32986"
"15.02.2022","Tue","0.07414","","0.11971","","0.46871","0.79271","1.34271"
"14.02.2022","Mon","0.07671","","0.12571","","0.45857","0.79386","1.32214"
"11.02.2022","Fri","0.07843","","0.19114","","0.50643","0.84043","1.39229"
"10.02.2022","Thu","0.07757","","0.12371","","0.39486","0.66443","1.12457"
"09.02.2022","Wed","0.07771","","0.12271","","0.37743","0.63457","1.09371"
"08.02.2022","Tue","0.07700","","0.12571","","0.36629","0.63986","1.09171"
"07.02.2022","Mon","0.07714","","0.12471","","0.36243","0.62257","1.09171"
"04.02.2022","Fri","0.07700","","0.11529","","0.33900","0.55543","0.99900"
"03.02.2022","Thu","0.07843","","0.11129","","0.31500","0.52871","0.94386"
"02.02.2022","Wed","0.07814","","0.10814","","0.31057","0.52314","0.92971"
"01.02.2022","Tue","0.07743","","0.11300","","0.30271","0.52957","0.93457"
"31.01.2022","Mon","0.07700","","0.10686","","0.30886","0.54400","0.96229"
"28.01.2022","Fri","0.07814","","0.10629","","0.31657","0.53443","0.94786"
"27.01.2022","Thu","0.07743","","0.10500","","0.29900","0.51871","0.92157"
"26.01.2022","Wed","0.07814","","0.10914","","0.27757","0.46400","0.80871"
"25.01.2022","Tue","0.07886","","0.10786","","0.26757","0.45029","0.78986"
"24.01.2022","Mon","0.07671","","0.10843","","0.26714","0.44857","0.79357"
"21.01.2022","Fri","0.07471","","0.10771","","0.25771","0.44443","0.79857"
"20.01.2022","Thu","0.07843","","0.10929","","0.25886","0.44629","0.79843"
"19.01.2022","Wed","0.07814","","0.10914","","0.25514","0.44714","0.80357"
"18.01.2022","Tue","0.07029","","0.10371","","0.25400","0.42986","0.78700"
"17.01.2022","Mon","","","0.10300","","0.24800","0.41814","0.76671"
"14.01.2022","Fri","0.07400","","0.10329","","0.24129","0.39500","0.72571"
"13.01.2022","Thu","0.07743","","0.10629","","0.23914","0.39686","0.71357"
"12.01.2022","Wed","0.07729","","0.11014","","0.23843","0.38371","0.69914"
"11.01.2022","Tue","0.07743","","0.11300","","0.24443","0.38614","0.69557"
"10.01.2022","Mon","0.07743","","0.10400","","0.23829","0.38300","0.67686"
"07.01.2022","Fri","0.07271","","0.10529","","0.23614","0.37643","0.66171"
"06.01.2022","Thu","0.07414","","0.10414","","0.23129","0.36657","0.64771"
"05.01.2022","Wed","0.07014","","0.10200","","0.22557","0.34000","0.59629"
"04.01.2022","Tue","0.07229","","0.10371","","0.21600","0.34286","0.60300"
"31.12.2021","Fri","0.06438","0.07638","0.10125","0.15250","0.20913","0.33875","0.58313"
"30.12.2021","Thu","0.07263","0.07625","0.10188","0.15450","0.21438","0.34513","0.58875"
"29.12.2021","Wed","0.07275","0.07650","0.10425","0.15825","0.22375","0.35438","0.58600"
"24.12.2021","Fri","0.06975","0.07325","0.10125","0.14938","0.21788","0.34325","0.56713"
"23.12.2021","Thu","0.07513","0.07513","0.10188","0.15563","0.21975","0.33638","0.56113"
"22.12.2021","Wed","0.07050","0.07188","0.10275","0.15488","0.21138","0.32638","0.55338"
"21.12.2021","Tue","0.07288","0.07663","0.10425","0.15875","0.21600","0.32550","0.54200"
"20.12.2021","Mon","0.07250","0.07363","0.10350","0.14425","0.21425","0.31663","0.53188"
"17.12.2021","Fri","0.07425","0.07638","0.10250","0.14838","0.21263","0.31275","0.52963"
"16.12.2021","Thu","0.07638","0.07513","0.10388","0.15388","0.21363","0.31150","0.52463"
"15.12.2021","Wed","0.07813","0.07850","0.10863","0.15788","0.21563","0.30150","0.51688"
"14.12.2021","Tue","0.06863","0.07738","0.10750","0.14963","0.21088","0.29113","0.49788"
"13.12.2021","Mon","0.07713","0.07713","0.10975","0.15038","0.20275","0.29513","0.50500"
"10.12.2021","Fri","0.07225","0.07500","0.10863","0.14950","0.19825","0.28825","0.50938"
"09.12.2021","Thu","0.07688","0.07575","0.10463","0.14813","0.20088","0.28875","0.49825"
"08.12.2021","Wed","0.07025","0.07500","0.10138","0.14488","0.20050","0.28813","0.48875"
"07.12.2021","Tue","0.07575","0.07788","0.10200","0.14238","0.19825","0.28338","0.48250"
"06.12.2021","Mon","0.07113","0.07688","0.10313","0.14475","0.19000","0.27625","0.46550"
"03.12.2021","Fri","0.07650","0.07213","0.10413","0.14038","0.18763","0.27113","0.46150"
"02.12.2021","Thu","0.07763","0.07525","0.10350","0.13825","0.18013","0.26775","0.45588"
"01.12.2021","Wed","0.07713","0.07550","0.10263","0.14375","0.17463","0.26950","0.45825"
"30.11.2021","Tue","0.07650","0.07675","0.09400","0.13263","0.17325","0.24325","0.38238"
"29.11.2021","Mon","0.07638","0.07775","0.09925","0.13688","0.17088","0.24600","0.41988"
"26.11.2021","Fri","0.07413","0.07613","0.09038","0.14100","0.17538","0.24600","0.41038"
"25.11.2021","Thu","","0.07425","0.09300","0.14250","0.17563","0.25913","0.47163"
"24.11.2021","Wed","0.07350","0.07563","0.09163","0.14213","0.18025","0.25100","0.44588"
"23.11.2021","Tue","0.07250","0.07750","0.09200","0.14225","0.17800","0.25188","0.44900"
"22.11.2021","Mon","0.07550","0.07775","0.09238","0.13775","0.16963","0.24388","0.42563"
"19.11.2021","Fri","0.07600","0.07750","0.09338","0.13013","0.16400","0.22938","0.39175"
"18.11.2021","Thu","0.07425","0.07825","0.09113","0.12450","0.15963","0.22350","0.38975"
"17.11.2021","Wed","0.07525","0.07450","0.08875","0.12388","0.15750","0.22863","0.39863"
"16.11.2021","Tue","0.07425","0.07300","0.08888","0.12463","0.16000","0.22775","0.39913"
"15.11.2021","Mon","0.07500","0.07425","0.09113","0.11950","0.15788","0.22538","0.39425"
"12.11.2021","Fri","0.07475","0.07600","0.08913","0.11888","0.15500","0.22600","0.39850"
"11.11.2021","Thu","","0.07388","0.08950","0.11900","0.15600","0.22788","0.38788"
"10.11.2021","Wed","0.06538","0.07450","0.08925","0.11775","0.15438","0.21950","0.35375"
"09.11.2021","Tue","0.07088","0.07200","0.08925","0.11288","0.14950","0.21513","0.34975"
"08.11.2021","Mon","0.06500","0.07225","0.09113","0.11363","0.14563","0.21900","0.35288"
"05.11.2021","Fri","0.07263","0.07263","0.08863","0.11213","0.14275","0.22088","0.35750"
"04.11.2021","Thu","0.06900","0.07450","0.08963","0.11488","0.14438","0.21325","0.36250"
"03.11.2021","Wed","0.07375","0.07413","0.08550","0.11475","0.13975","0.21850","0.35763"
"02.11.2021","Tue","0.07213","0.07338","0.08088","0.11350","0.14500","0.22075","0.35838"
"01.11.2021","Mon","0.06763","0.07425","0.08113","0.10638","0.14088","0.21088","0.36725"
"29.10.2021","Fri","0.07213","0.07438","0.08750","0.10263","0.13225","0.20100","0.36113"
"28.10.2021","Thu","0.07363","0.07150","0.08638","0.10275","0.13163","0.19363","0.37063"
"27.10.2021","Wed","0.06950","0.07250","0.08700","0.10075","0.12863","0.17963","0.33225"
"26.10.2021","Tue","0.07163","0.07375","0.08700","0.10188","0.13588","0.17625","0.32275"
"25.10.2021","Mon","0.07150","0.07275","0.08775","0.10375","0.13450","0.17788","0.32938"
"22.10.2021","Fri","0.07350","0.07525","0.08788","0.10213","0.12488","0.17200","0.31688"
"21.10.2021","Thu","0.07275","0.07238","0.08925","0.09875","0.12388","0.17025","0.29650"
"20.10.2021","Wed","0.07325","0.07250","0.08575","0.10563","0.12825","0.17050","0.29675"
"19.10.2021","Tue","0.07175","0.07513","0.08563","0.10775","0.12950","0.16750","0.29213"
"18.10.2021","Mon","0.07213","0.07213","0.08563","0.10363","0.13150","0.16625","0.30213"
"15.10.2021","Fri","0.07113","0.07488","0.08038","0.10138","0.12363","0.16050","0.27963"
"14.10.2021","Thu","0.07200","0.07313","0.08588","0.10100","0.12225","0.15925","0.27263"
"13.10.2021","Wed","0.07363","0.07263","0.09025","0.10250","0.12375","0.15675","0.26575"
"12.10.2021","Tue","0.07400","0.07488","0.08788","0.10250","0.12675","0.15713","0.26138"
"11.10.2021","Mon","","0.07613","0.08538","0.10175","0.12175","0.15650","0.25663"
"08.10.2021","Fri","0.07263","0.07600","0.08363","0.10538","0.12113","0.15650","0.24700"
"07.10.2021","Thu","0.07238","0.07788","0.08600","0.10838","0.12363","0.15588","0.24313"
"06.10.2021","Wed","0.07275","0.07538","0.08713","0.10900","0.12400","0.15613","0.24113"
"05.10.2021","Tue","0.06988","0.07288","0.08575","0.10638","0.12400","0.15513","0.23688"
"04.10.2021","Mon","0.07250","0.07613","0.07788","0.10588","0.12663","0.15550","0.23200"
"01.10.2021","Fri","0.07438","0.07063","0.07525","0.11000","0.13313","0.15700","0.23488"
"30.09.2021","Thu","0.07463","0.07338","0.08025","0.11138","0.13013","0.15850","0.23663"
"29.09.2021","Wed","0.07025","0.07250","0.08238","0.11025","0.13088","0.15738","0.24063"
"28.09.2021","Tue","0.07163","0.07188","0.08413","0.11025","0.13150","0.15788","0.23850"
"27.09.2021","Mon","0.07038","0.07050","0.08675","0.10738","0.13175","0.15500","0.23600"
"24.09.2021","Fri","0.07250","0.07138","0.08513","0.10650","0.13225","0.15538","0.22963"
"23.09.2021","Thu","0.07188","0.07313","0.08600","0.10888","0.13225","0.15500","0.22900"
"22.09.2021","Wed","0.07250","0.07025","0.08325","0.10800","0.12925","0.15550","0.22525"
"21.09.2021","Tue","0.06675","0.07313","0.08175","0.10763","0.12838","0.15338","0.22413"
"20.09.2021","Mon","0.07188","0.07363","0.08350","0.10438","0.12538","0.15250","0.22613"
"17.09.2021","Fri","0.07075","0.07338","0.08350","0.10188","0.12388","0.15225","0.22438"
"16.09.2021","Thu","0.07425","0.07413","0.08738","0.10013","0.12200","0.14950","0.22425"
"15.09.2021","Wed","0.07213","0.07363","0.08413","0.09725","0.12000","0.14838","0.22163"
"14.09.2021","Tue","0.07188","0.07350","0.08463","0.09663","0.11800","0.14788","0.22250"
"13.09.2021","Mon","0.07338","0.07475","0.08375","0.09950","0.11600","0.14863","0.22313"
"10.09.2021","Fri","0.07163","0.07175","0.08388","0.09750","0.11575","0.14938","0.22250"
"09.09.2021","Thu","0.07188","0.07113","0.08263","0.09700","0.11413","0.14663","0.22388"
"08.09.2021","Wed","0.06963","0.07113","0.08475","0.09688","0.11575","0.14975","0.22313"
"07.09.2021","Tue","0.07288","0.06900","0.08313","0.09725","0.11600","0.14813","0.22000"
"06.09.2021","Mon","","0.07325","0.08300","0.09600","0.11463","0.14875","0.21950"
"03.09.2021","Fri","0.07075","0.07488","0.08288","0.09613","0.11550","0.14838","0.22275"
"02.09.2021","Thu","0.07350","0.07625","0.08288","0.09263","0.11763","0.14763","0.22275"
"01.09.2021","Wed","0.07288","0.07700","0.08325","0.09663","0.11888","0.15188","0.22763"
"31.08.2021","Tue","0.07338","0.07850","0.08250","0.09525","0.11963","0.14963","0.22788"
"27.08.2021","Fri","0.07613","0.08288","0.08600","0.09813","0.11988","0.15475","0.23513"
"26.08.2021","Thu","0.07575","0.08413","0.08463","0.09863","0.12075","0.15788","0.23538"
"25.08.2021","Wed","0.07638","0.08575","0.08788","0.10225","0.12375","0.15800","0.23750"
"24.08.2021","Tue","0.07763","0.08200","0.08888","0.10275","0.12175","0.15800","0.23688"
"23.08.2021","Mon","0.07775","0.08350","0.08438","0.10163","0.12925","0.15300","0.23700"
"20.08.2021","Fri","0.07738","0.08275","0.08588","0.10063","0.12838","0.15263","0.23663"
"19.08.2021","Thu","0.07850","0.08538","0.08788","0.10013","0.13075","0.15463","0.23525"
"18.08.2021","Wed","0.07863","0.08600","0.08838","0.10563","0.13088","0.15838","0.23500"
"17.08.2021","Tue","0.07788","0.08588","0.08650","0.10388","0.12725","0.15625","0.23550"
"16.08.2021","Mon","0.07825","0.08763","0.08850","0.10475","0.12450","0.15538","0.23675"
"13.08.2021","Fri","0.07763","0.08700","0.09275","0.10663","0.12425","0.15663","0.23875"
"12.08.2021","Thu","0.07800","0.08650","0.09550","0.10838","0.12475","0.15738","0.23988"
"11.08.2021","Wed","0.07863","0.08700","0.09663","0.10663","0.12125","0.15738","0.24288"
"10.08.2021","Tue","0.07863","0.08625","0.09650","0.10875","0.12275","0.15625","0.23963"
"09.08.2021","Mon","0.07875","0.09000","0.09525","0.10988","0.12725","0.14963","0.23775"
"06.08.2021","Fri","0.07850","0.08663","0.09513","0.10625","0.12838","0.14938","0.23738"
"05.08.2021","Thu","0.07900","0.08750","0.09575","0.11150","0.12538","0.14850","0.23163"
"04.08.2021","Wed","0.08150","0.08663","0.08925","0.10675","0.12175","0.15500","0.22988"
"03.08.2021","Tue","0.08138","0.08550","0.09038","0.10525","0.12138","0.15513","0.23213"
"02.08.2021","Mon","0.07950","0.08713","0.08963","0.10850","0.12375","0.15663","0.23238"
"30.07.2021","Fri","0.07688","0.08675","0.09050","0.10338","0.11775","0.15313","0.23513"
"29.07.2021","Thu","0.07938","0.08713","0.09575","0.10513","0.12575","0.15388","0.23700"
"28.07.2021","Wed","0.07963","0.08713","0.09200","0.10700","0.12850","0.15400","0.23713"
"27.07.2021","Tue","0.08088","0.08413","0.09013","0.11038","0.12963","0.15850","0.23900"
"26.07.2021","Mon","0.08100","0.08313","0.08725","0.11025","0.13163","0.15725","0.23863"
"23.07.2021","Fri","0.08013","0.08438","0.08613","0.11100","0.12888","0.15850","0.24138"
"22.07.2021","Thu","0.08338","0.08788","0.08925","0.11450","0.12525","0.15725","0.24400"
"21.07.2021","Wed","0.08388","0.08813","0.08663","0.11600","0.13788","0.15313","0.24300"
"20.07.2021","Tue","0.08550","0.08638","0.08900","0.11725","0.13825","0.15275","0.24175"
"19.07.2021","Mon","0.08600","0.08950","0.08525","0.11238","0.13425","0.15175","0.24163"
"16.07.2021","Fri","0.08575","0.09000","0.08363","0.11075","0.13425","0.15213","0.24213"
"15.07.2021","Thu","0.08563","0.09025","0.08913","0.11450","0.13388","0.15325","0.24100"
"14.07.2021","Wed","0.08538","0.09200","0.09113","0.11638","0.12638","0.15075","0.24300"
"13.07.2021","Tue","0.08563","0.08788","0.09313","0.12175","0.12613","0.15150","0.24325"
"12.07.2021","Mon","0.08675","0.08800","0.09575","0.11550","0.13288","0.15438","0.24450"
"09.07.2021","Fri","0.08663","0.09013","0.10013","0.11725","0.12863","0.15100","0.23888"
"08.07.2021","Thu","0.08613","0.09138","0.10038","0.11438","0.11900","0.15700","0.23888"
"07.07.2021","Wed","0.08513","0.09538","0.10288","0.11813","0.12388","0.16225","0.24038"
"06.07.2021","Tue","0.08163","0.09075","0.10213","0.11625","0.13488","0.16638","0.24225"
"05.07.2021","Mon","","0.09163","0.10413","0.12013","0.13800","0.16250","0.24125"
"02.07.2021","Fri","0.08050","0.09138","0.10288","0.12250","0.13788","0.16300","0.24450"
"01.07.2021","Thu","0.08050","0.09338","0.10250","0.12725","0.14475","0.16300","0.24438"
"30.06.2021","Wed","0.08650","0.09288","0.10050","0.12550","0.14575","0.15950","0.24625"
"29.06.2021","Tue","0.08313","0.09125","0.10025","0.12338","0.14488","0.16088","0.24988"
"28.06.2021","Mon","0.08375","0.09438","0.10425","0.12500","0.14725","0.16663","0.24750"
"25.06.2021","Fri","0.08338","0.09438","0.09613","0.11613","0.14600","0.16550","0.24925"
"24.06.2021","Thu","0.08500","0.09100","0.09500","0.11525","0.14600","0.16525","0.24763"
"23.06.2021","Wed","0.08525","0.09363","0.09150","0.12013","0.14725","0.15938","0.24350"
"22.06.2021","Tue","0.08538","0.08825","0.09075","0.11675","0.13375","0.16063","0.24563"
"21.06.2021","Mon","0.08475","0.08900","0.09588","0.11838","0.13788","0.16375","0.25088"
"18.06.2021","Fri","0.08050","0.08613","0.09100","0.11850","0.13488","0.15625","0.24013"
"17.06.2021","Thu","0.06325","0.07725","0.09338","0.11338","0.13450","0.15863","0.24513"
"16.06.2021","Wed","0.05550","0.06388","0.08250","0.11113","0.12450","0.15188","0.23450"
"15.06.2021","Tue","0.05613","0.06800","0.08175","0.10900","0.12475","0.15263","0.23325"
"14.06.2021","Mon","0.05538","0.06225","0.07463","0.10263","0.11800","0.15038","0.23750"
"11.06.2021","Fri","0.05538","0.05963","0.07288","0.10350","0.11888","0.15250","0.23938"
"10.06.2021","Thu","0.05575","0.05788","0.07263","0.10463","0.11900","0.14825","0.23925"
"09.06.2021","Wed","0.05463","0.06313","0.07463","0.10613","0.12475","0.15688","0.24088"
"08.06.2021","Tue","0.05500","0.05963","0.07700","0.11263","0.12800","0.15463","0.24075"
"07.06.2021","Mon","0.05500","0.06125","0.08125","0.11500","0.12313","0.16063","0.24163"
"04.06.2021","Fri","0.05513","0.06038","0.08125","0.11788","0.12825","0.16488","0.24600"
"03.06.2021","Thu","0.05463","0.06250","0.08000","0.11013","0.13075","0.16475","0.24563"
"02.06.2021","Wed","0.05500","0.06013","0.08550","0.11050","0.13400","0.16738","0.24488"
"01.06.2021","Tue","0.05425","0.06100","0.08875","0.11688","0.12850","0.17488","0.24688"
"28.05.2021","Fri","0.06113","0.05800","0.08588","0.11725","0.13138","0.17100","0.24813"
"27.05.2021","Thu","0.05700","0.06138","0.09213","0.11675","0.13463","0.17113","0.24875"
"26.05.2021","Wed","0.05888","0.05813","0.09250","0.11763","0.13500","0.17175","0.25188"
"25.05.2021","Tue","0.06063","0.06175","0.09000","0.11688","0.13850","0.17675","0.25600"
"24.05.2021","Mon","0.05925","0.06225","0.09100","0.12025","0.14088","0.17663","0.25825"
"21.05.2021","Fri","0.05975","0.06188","0.09163","0.12113","0.14700","0.17875","0.25963"
"20.05.2021","Thu","0.06113","0.06225","0.09250","0.12213","0.15013","0.18425","0.26400"
"19.05.2021","Wed","0.06163","0.06788","0.09650","0.12750","0.14925","0.18363","0.26350"
"18.05.2021","Tue","0.06288","0.07075","0.09925","0.12200","0.15525","0.18375","0.26275"
"17.05.2021","Mon","0.06238","0.06750","0.09750","0.12300","0.14963","0.18650","0.26450"
"14.05.2021","Fri","0.06200","0.06625","0.09750","0.12263","0.15513","0.18763","0.26588"
"13.05.2021","Thu","0.06225","0.06875","0.10088","0.12575","0.15588","0.19263","0.26463"
"12.05.2021","Wed","0.06000","0.07250","0.09813","0.12850","0.15413","0.19013","0.26438"
"11.05.2021","Tue","0.06063","0.07125","0.09375","0.12713","0.16025","0.19100","0.26513"
"10.05.2021","Mon","0.06338","0.07150","0.09813","0.13250","0.16750","0.19250","0.26700"
"07.05.2021","Fri","0.06413","0.06938","0.10138","0.12838","0.15988","0.19275","0.27100"
"06.05.2021","Thu","0.06425","0.07325","0.09513","0.13500","0.16200","0.20013","0.27350"
"05.05.2021","Wed","0.06788","0.07700","0.10563","0.14175","0.16988","0.20063","0.27900"
"04.05.2021","Tue","0.06450","0.08075","0.10838","0.14725","0.17538","0.20663","0.28288"
"30.04.2021","Fri","0.07125","0.07775","0.10725","0.14413","0.17638","0.20488","0.28113"
"29.04.2021","Thu","0.07275","0.08163","0.11013","0.14413","0.17563","0.20638","0.28138"
"28.04.2021","Wed","0.07313","0.08275","0.11325","0.14738","0.18550","0.20600","0.28375"
"27.04.2021","Tue","0.07400","0.08650","0.11025","0.14550","0.17713","0.21425","0.28263"
"26.04.2021","Mon","0.07375","0.08425","0.11100","0.14225","0.18400","0.20188","0.28200"
"23.04.2021","Fri","0.07338","0.08525","0.11100","0.14225","0.18138","0.20413","0.28088"
"22.04.2021","Thu","0.07338","0.08738","0.10613","0.15013","0.17575","0.21063","0.28075"
"21.04.2021","Wed","0.07213","0.08475","0.11025","0.15300","0.17288","0.21650","0.28225"
"20.04.2021","Tue","0.07288","0.08538","0.10750","0.15238","0.18375","0.22263","0.28700"
"19.04.2021","Mon","0.07275","0.08113","0.11375","0.14788","0.18600","0.22175","0.28675"
"16.04.2021","Fri","0.07275","0.08788","0.11588","0.15150","0.18825","0.22363","0.29238"
"15.04.2021","Thu","0.07325","0.08388","0.11500","0.15000","0.18975","0.21763","0.28775"
"14.04.2021","Wed","0.07363","0.08675","0.11563","0.14888","0.18363","0.21938","0.28675"
"13.04.2021","Tue","0.07475","0.08225","0.11463","0.14238","0.18375","0.21950","0.28775"
"12.04.2021","Mon","0.07350","0.07888","0.11225","0.14288","0.18575","0.21463","0.28438"
"09.04.2021","Fri","0.07475","0.08663","0.11125","0.14650","0.18750","0.21138","0.28575"
"08.04.2021","Thu","0.07488","0.08525","0.11050","0.14775","0.18775","0.21075","0.28675"
"07.04.2021","Wed","0.07625","0.08588","0.11250","0.14563","0.19363","0.21000","0.28525"
"06.04.2021","Tue","0.07788","0.08613","0.11013","0.14413","0.19738","0.20100","0.28625"
"01.04.2021","Thu","0.07475","0.08488","0.11038","0.13525","0.19975","0.20125","0.28050"
"31.03.2021","Wed","0.08063","0.08750","0.11113","0.13363","0.19425","0.20525","0.28313"
"30.03.2021","Tue","0.07700","0.08625","0.11513","0.13150","0.20163","0.20675","0.28663"
"29.03.2021","Mon","0.07288","0.08188","0.10850","0.13500","0.20250","0.20288","0.28150"
"26.03.2021","Fri","0.07338","0.08463","0.10725","0.13738","0.19900","0.20325","0.28075"
"25.03.2021","Thu","0.07550","0.08488","0.10913","0.13775","0.19300","0.20388","0.28075"
"24.03.2021","Wed","0.07638","0.09163","0.11025","0.13363","0.19513","0.20950","0.28000"
"23.03.2021","Tue","0.07688","0.08088","0.10863","0.13400","0.20063","0.20538","0.27938"
"22.03.2021","Mon","0.07663","0.07913","0.10738","0.14113","0.19050","0.20413","0.27625"
"19.03.2021","Fri","0.07688","0.08125","0.10838","0.14838","0.19688","0.20238","0.27625"
"18.03.2021","Thu","0.07875","0.08188","0.11088","0.14688","0.18663","0.20388","0.27588"
"17.03.2021","Wed","0.07800","0.08875","0.11025","0.14563","0.18963","0.20300","0.28088"
"16.03.2021","Tue","0.07850","0.08488","0.10813","0.14025","0.19000","0.19788","0.28075"
"15.03.2021","Mon","0.07800","0.08963","0.10750","0.13800","0.18200","0.19750","0.28100"
"12.03.2021","Fri","0.07813","0.08438","0.10613","0.13675","0.18950","0.19400","0.27813"
"11.03.2021","Thu","0.07813","0.08438","0.10600","0.13725","0.18388","0.19275","0.27725"
"10.03.2021","Wed","0.07725","0.08663","0.10588","0.14275","0.18413","0.19363","0.27863"
"09.03.2021","Tue","0.07713","0.08813","0.10713","0.14175","0.17725","0.18950","0.27963"
"08.03.2021","Mon","0.07763","0.08513","0.10600","0.14088","0.18250","0.19625","0.28025"
"05.03.2021","Fri","0.07763","0.08813","0.10325","0.14613","0.18538","0.19588","0.27775"
"04.03.2021","Thu","0.07813","0.08638","0.10350","0.14538","0.17550","0.20325","0.28375"
"03.03.2021","Wed","0.07850","0.09038","0.10300","0.14650","0.19375","0.21100","0.28200"
"02.03.2021","Tue","0.07888","0.08463","0.10838","0.14813","0.18338","0.20675","0.27900"
"01.03.2021","Mon","0.07950","0.08625","0.10925","0.14450","0.18425","0.20050","0.28363"
"26.02.2021","Fri","0.08400","0.08900","0.11850","0.14750","0.18838","0.20300","0.28375"
"25.02.2021","Thu","0.08038","0.08363","0.11513","0.14950","0.19050","0.20063","0.28025"
"24.02.2021","Wed","0.08013","0.09275","0.11450","0.15013","0.18975","0.19938","0.27800"
"23.02.2021","Tue","0.08050","0.09025","0.11763","0.15213","0.18750","0.20375","0.28463"
"22.02.2021","Mon","0.08125","0.08988","0.11488","0.14813","0.17550","0.20400","0.28550"
"19.02.2021","Fri","0.07813","0.08850","0.11550","0.14850","0.17525","0.19500","0.28650"
"18.02.2021","Thu","0.08013","0.08325","0.11113","0.15238","0.18238","0.19688","0.29100"
"17.02.2021","Wed","0.08063","0.08650","0.11100","0.14813","0.18138","0.19775","0.29613"
"16.02.2021","Tue","0.08150","0.08638","0.10825","0.15375","0.18863","0.20263","0.30263"
"15.02.2021","Mon","","0.08975","0.10575","0.15088","0.19150","0.20488","0.30050"
"12.02.2021","Fri","0.07963","0.09125","0.10738","0.15075","0.19375","0.20075","0.29975"
"11.02.2021","Thu","0.07975","0.08663","0.11225","0.15188","0.19763","0.20838","0.30363"
"10.02.2021","Wed","0.07988","0.09050","0.10950","0.15363","0.20088","0.20800","0.30513"
"09.02.2021","Tue","0.07988","0.08538","0.11588","0.15650","0.20250","0.20800","0.30563"
"08.02.2021","Mon","0.08125","0.08163","0.12050","0.15588","0.19538","0.20750","0.30638"
"05.02.2021","Fri","0.08288","0.08913","0.11888","0.15563","0.19088","0.20700","0.30413"
"04.02.2021","Thu","0.08300","0.09563","0.12350","0.15650","0.19263","0.22250","0.30600"
"03.02.2021","Wed","0.08288","0.09500","0.11325","0.16063","0.19513","0.22375","0.30600"
"02.02.2021","Tue","0.08113","0.08500","0.11525","0.15538","0.19225","0.21713","0.30413"
"01.02.2021","Mon","0.07925","0.08313","0.11300","0.15225","0.19550","0.21500","0.30550"
"29.01.2021","Fri","0.07875","0.09338","0.11950","0.16063","0.20188","0.22325","0.31113"
"28.01.2021","Thu","0.07925","0.09175","0.12288","0.16388","0.20500","0.22013","0.31075"
"27.01.2021","Wed","0.08288","0.09975","0.12075","0.15850","0.21150","0.22763","0.31200"
"26.01.2021","Tue","0.08375","0.09163","0.12250","0.15763","0.21850","0.23450","0.31150"
"25.01.2021","Mon","0.08463","0.09688","0.12750","0.15825","0.21288","0.23300","0.31225"
"22.01.2021","Fri","0.08625","0.09813","0.12475","0.16038","0.21525","0.23600","0.31225"
"21.01.2021","Thu","0.08700","0.09700","0.13000","0.16550","0.21775","0.23450","0.31538"
"20.01.2021","Wed","0.08663","0.10063","0.12850","0.16938","0.22238","0.23788","0.31725"
"19.01.2021","Tue","0.08513","0.09863","0.12950","0.16613","0.22363","0.23588","0.31300"
"18.01.2021","Mon","","0.10050","0.13088","0.17013","0.22400","0.23575","0.31238"
"15.01.2021","Fri","0.08663","0.10063","0.12950","0.16588","0.22338","0.24813","0.32263"
"14.01.2021","Thu","0.08675","0.09825","0.12888","0.17113","0.22563","0.25125","0.32575"
"13.01.2021","Wed","0.08600","0.09788","0.12650","0.18075","0.24125","0.24788","0.32625"
"12.01.2021","Tue","0.08588","0.10163","0.12725","0.18563","0.23375","0.24763","0.32563"
"11.01.2021","Mon","0.08688","0.09888","0.12600","0.17675","0.22450","0.25025","0.32688"
"08.01.2021","Fri","0.08675","0.10213","0.12638","0.16575","0.22438","0.24650","0.32963"
"07.01.2021","Thu","0.08675","0.10200","0.13263","0.17250","0.22475","0.25125","0.32925"
"06.01.2021","Wed","0.08650","0.10288","0.13200","0.18400","0.23400","0.25238","0.33238"
"05.01.2021","Tue","0.08638","0.10288","0.13088","0.18225","0.23688","0.25388","0.32975"
"04.01.2021","Mon","0.08463","0.09725","0.13975","0.19038","0.23725","0.25588","0.34063"
"31.12.2020","Thu","0.07763","0.09575","0.14388","0.19038","0.23838","0.25763","0.34188"
"30.12.2020","Wed","0.08563","0.09463","0.14400","0.17763","0.23750","0.25950","0.34238"
"29.12.2020","Tue","0.08738","0.10225","0.14675","0.19038","0.25388","0.25713","0.34125"
"24.12.2020","Thu","0.08100","0.09788","0.14513","0.18225","0.24013","0.26663","0.34038"
"23.12.2020","Wed","0.08563","0.10013","0.14800","0.19400","0.25100","0.26375","0.33863"
"22.12.2020","Tue","0.08513","0.10100","0.14325","0.18513","0.23813","0.26275","0.33725"
"21.12.2020","Mon","0.08463","0.09638","0.14525","0.19213","0.24488","0.26050","0.33250"
"18.12.2020","Fri","0.08438","0.10113","0.14375","0.19038","0.23575","0.25850","0.33400"
"17.12.2020","Thu","0.08538","0.10138","0.15163","0.19388","0.23863","0.26000","0.33388"
"16.12.2020","Wed","0.08125","0.10075","0.15788","0.18563","0.23638","0.25550","0.33313"
"15.12.2020","Tue","0.08200","0.10200","0.15250","0.17925","0.22875","0.25175","0.33125"
"14.12.2020","Mon","0.08250","0.09825","0.15313","0.17338","0.21925","0.24713","0.33488"
"11.12.2020","Fri","0.08325","0.09938","0.15863","0.17663","0.21650","0.24875","0.33588"
"10.12.2020","Thu","0.08288","0.10363","0.15388","0.18575","0.21950","0.24475","0.33450"
"09.12.2020","Wed","0.08263","0.10525","0.14788","0.19388","0.22063","0.25075","0.33588"
"08.12.2020","Tue","0.08250","0.10663","0.14875","0.19050","0.23000","0.25338","0.33725"
"07.12.2020","Mon","0.08288","0.09775","0.14575","0.18175","0.23038","0.25313","0.33825"
"04.12.2020","Fri","0.08325","0.09513","0.15175","0.18863","0.22588","0.25575","0.33675"
"03.12.2020","Thu","0.08275","0.10338","0.15275","0.18963","0.22538","0.25738","0.33638"
"02.12.2020","Wed","0.08150","0.10325","0.15213","0.18800","0.23050","0.25825","0.33438"
"01.12.2020","Tue","0.08050","0.10088","0.14763","0.18263","0.23200","0.25875","0.33313"
"30.11.2020","Mon","0.08500","0.09575","0.15338","0.18063","0.22763","0.25500","0.33025"
"27.11.2020","Fri","0.08025","0.09288","0.15475","0.18275","0.22538","0.25738","0.33038"
"26.11.2020","Thu","","0.09213","0.14675","0.17913","0.22438","0.25500","0.33300"
"25.11.2020","Wed","0.08000","0.09500","0.14550","0.17888","0.23300","0.26000","0.33738"
"24.11.2020","Tue","0.08013","0.09513","0.14300","0.17700","0.23225","0.25450","0.33563"
"23.11.2020","Mon","0.08200","0.10125","0.15013","0.17300","0.20650","0.25375","0.33563"
"20.11.2020","Fri","0.08263","0.09663","0.15013","0.17388","0.20488","0.24875","0.33650"
"19.11.2020","Thu","0.08238","0.10288","0.14550","0.17613","0.21263","0.25550","0.33863"
"18.11.2020","Wed","0.08225","0.10288","0.14650","0.18163","0.22375","0.25688","0.33875"
"17.11.2020","Tue","0.08213","0.10200","0.14950","0.18488","0.23100","0.25800","0.33875"
"16.11.2020","Mon","0.08363","0.10075","0.14350","0.17400","0.22038","0.24900","0.33963"
"13.11.2020","Fri","0.08325","0.10463","0.13638","0.16900","0.22200","0.24600","0.33938"
"12.11.2020","Thu","0.08150","0.10138","0.14088","0.17438","0.22100","0.25138","0.34050"
"11.11.2020","Wed","","0.10088","0.14138","0.17450","0.22063","0.24613","0.34188"
"10.11.2020","Tue","0.08488","0.10650","0.14013","0.17200","0.21363","0.24300","0.33813"
"09.11.2020","Mon","0.08113","0.10188","0.12988","0.17000","0.20500","0.24175","0.33250"
"06.11.2020","Fri","0.08263","0.10250","0.12775","0.17200","0.20588","0.24338","0.33338"
"05.11.2020","Thu","0.08138","0.10475","0.12663","0.17163","0.21300","0.24625","0.33375"
"04.11.2020","Wed","0.08150","0.10213","0.13613","0.17013","0.23225","0.24375","0.33313"
"03.11.2020","Tue","0.08200","0.10350","0.13763","0.17588","0.22475","0.24388","0.33400"
"02.11.2020","Mon","0.08113","0.10438","0.14050","0.17488","0.22013","0.24600","0.33238"
"30.10.2020","Fri","0.08138","0.10363","0.14025","0.17563","0.21575","0.24213","0.33013"
"29.10.2020","Thu","0.08100","0.10513","0.14913","0.16625","0.21438","0.24288","0.33100"
"28.10.2020","Wed","0.08025","0.09950","0.14775","0.16638","0.21438","0.24413","0.32763"
"27.10.2020","Tue","0.08163","0.09375","0.14463","0.17000","0.21325","0.24650","0.33175"
"26.10.2020","Mon","0.08063","0.10250","0.15150","0.17925","0.22225","0.24625","0.33200"
"23.10.2020","Fri","0.08138","0.10275","0.15625","0.18800","0.21650","0.24938","0.33663"
"22.10.2020","Thu","0.08413","0.10275","0.14925","0.18625","0.21475","0.24600","0.33513"
"21.10.2020","Wed","0.08063","0.10838","0.14788","0.18263","0.20913","0.24600","0.33488"
"20.10.2020","Tue","0.08038","0.10350","0.14575","0.18888","0.21575","0.25188","0.33713"
"19.10.2020","Mon","0.08088","0.10663","0.14338","0.17513","0.20863","0.25425","0.33975"
"16.10.2020","Fri","0.08113","0.10075","0.15138","0.17788","0.21838","0.25750","0.33500"
"15.10.2020","Thu","0.08125","0.10150","0.14725","0.18550","0.21775","0.25325","0.34775"
"14.10.2020","Wed","0.08088","0.09988","0.14575","0.18663","0.23013","0.25325","0.34400"
"13.10.2020","Tue","0.08000","0.09650","0.14838","0.18088","0.23688","0.25450","0.34550"
"12.10.2020","Mon","","0.09688","0.14425","0.18513","0.22888","0.24288","0.34763"
"09.10.2020","Fri","0.08175","0.09488","0.14525","0.17763","0.22413","0.24575","0.34763"
"08.10.2020","Thu","0.08263","0.09575","0.14688","0.17988","0.22050","0.24638","0.34950"
"07.10.2020","Wed","0.08175","0.09925","0.14700","0.16888","0.22950","0.25013","0.34788"
"06.10.2020","Tue","0.08150","0.09938","0.13963","0.16975","0.22975","0.23925","0.34388"
"05.10.2020","Mon","0.08138","0.09663","0.14275","0.17263","0.22025","0.23375","0.34875"
"02.10.2020","Fri","0.08125","0.09275","0.14000","0.18038","0.23350","0.24475","0.35750"
"01.10.2020","Thu","0.08175","0.09600","0.13950","0.19225","0.23400","0.25050","0.35988"
"30.09.2020","Wed","0.07800","0.09650","0.14825","0.19388","0.23388","0.25975","0.36013"
"29.09.2020","Tue","0.08175","0.10388","0.14900","0.19063","0.22513","0.26513","0.35925"
"28.09.2020","Mon","0.08163","0.10600","0.14663","0.18850","0.22038","0.26925","0.36550"
"25.09.2020","Fri","0.08013","0.10025","0.14613","0.18438","0.21788","0.27125","0.36925"
"24.09.2020","Thu","0.08075","0.10563","0.14475","0.18650","0.23325","0.27350","0.37213"
"23.09.2020","Wed","0.08038","0.10238","0.14813","0.17988","0.22500","0.27163","0.37175"
"22.09.2020","Tue","0.08263","0.09963","0.15113","0.18613","0.22250","0.27475","0.37650"
"21.09.2020","Mon","0.08250","0.11088","0.15188","0.17800","0.22325","0.27288","0.37850"
"18.09.2020","Fri","0.08313","0.10025","0.15575","0.18688","0.22538","0.27525","0.37388"
"17.09.2020","Thu","0.08225","0.10350","0.15625","0.18913","0.22738","0.27563","0.37625"
"16.09.2020","Wed","0.08250","0.10263","0.15000","0.19163","0.23325","0.27038","0.37800"
"15.09.2020","Tue","0.08325","0.10600","0.15050","0.19625","0.24613","0.27325","0.38575"
"14.09.2020","Mon","0.08388","0.10688","0.15213","0.20025","0.23725","0.27450","0.40263"
"11.09.2020","Fri","0.08300","0.10325","0.15238","0.19788","0.25038","0.28188","0.41388"
"10.09.2020","Thu","0.08413","0.10825","0.15113","0.19763","0.24913","0.28488","0.41413"
"09.09.2020","Wed","0.08213","0.11250","0.15125","0.20450","0.25025","0.28525","0.41475"
"08.09.2020","Tue","0.07938","0.10875","0.15550","0.20413","0.24950","0.30100","0.42700"
"07.09.2020","Mon","","0.10675","0.15563","0.18325","0.24175","0.29325","0.42100"
"04.09.2020","Fri","0.08163","0.10950","0.15425","0.18488","0.24800","0.29213","0.42100"
"03.09.2020","Thu","0.08238","0.10250","0.15863","0.19563","0.24950","0.28725","0.42625"
"02.09.2020","Wed","0.08250","0.10313","0.15475","0.19938","0.25125","0.28775","0.42500"
"01.09.2020","Tue","0.08125","0.10675","0.15563","0.20263","0.25113","0.30325","0.43263"
"28.08.2020","Fri","0.08088","0.10825","0.15675","0.18563","0.24088","0.30988","0.44525"
"27.08.2020","Thu","0.08200","0.11250","0.15513","0.19250","0.24600","0.30775","0.44238"
"26.08.2020","Wed","0.08175","0.11363","0.15638","0.18800","0.25588","0.30725","0.44588"
"25.08.2020","Tue","0.08138","0.11250","0.17025","0.19038","0.25100","0.30813","0.44000"
"24.08.2020","Mon","0.08175","0.10488","0.17425","0.18838","0.23375","0.29738","0.43913"
"21.08.2020","Fri","0.08175","0.10663","0.17513","0.21350","0.25000","0.31438","0.44100"
"20.08.2020","Thu","0.08300","0.11238","0.18325","0.20488","0.25613","0.29863","0.44063"
"19.08.2020","Wed","0.08463","0.11488","0.17088","0.21225","0.24688","0.30450","0.44488"
"18.08.2020","Tue","0.08363","0.12163","0.15800","0.20275","0.25300","0.31525","0.44713"
"17.08.2020","Mon","0.08475","0.11538","0.16138","0.20888","0.26775","0.31963","0.46038"
"14.08.2020","Fri","0.08550","0.10963","0.15150","0.20675","0.27038","0.33250","0.46088"
"13.08.2020","Thu","0.08488","0.11688","0.16188","0.21125","0.28013","0.33838","0.45850"
"12.08.2020","Wed","0.08538","0.11700","0.15800","0.22213","0.26475","0.33675","0.45788"
"11.08.2020","Tue","0.08525","0.11125","0.16413","0.22438","0.25350","0.33688","0.45813"
"10.08.2020","Mon","0.08600","0.10825","0.16825","0.21988","0.25688","0.33313","0.45538"
"07.08.2020","Fri","0.08513","0.11200","0.16338","0.22663","0.25250","0.30913","0.44900"
"06.08.2020","Thu","0.08575","0.11125","0.15538","0.22813","0.24325","0.28913","0.44638"
"05.08.2020","Wed","0.08338","0.11100","0.15350","0.22300","0.24200","0.29838","0.44350"
"04.08.2020","Tue","0.08900","0.10950","0.14925","0.22050","0.24850","0.30550","0.45088"
"03.08.2020","Mon","0.08425","0.11238","0.15700","0.20213","0.24900","0.30350","0.44675"
"31.07.2020","Fri","0.08725","0.10675","0.15488","0.19613","0.24875","0.30613","0.44863"
"30.07.2020","Thu","0.08500","0.10775","0.15563","0.20525","0.25100","0.31488","0.45650"
"29.07.2020","Wed","0.08413","0.10850","0.16113","0.21350","0.26063","0.31550","0.46113"
"28.07.2020","Tue","0.08475","0.11063","0.16688","0.21888","0.26825","0.31750","0.46050"
"27.07.2020","Mon","0.08513","0.10850","0.16625","0.21113","0.26963","0.31663","0.45688"
"24.07.2020","Fri","0.08488","0.11075","0.17263","0.21775","0.24675","0.31850","0.45950"
"23.07.2020","Thu","0.08563","0.11538","0.17163","0.22013","0.24450","0.32513","0.46213"
"22.07.2020","Wed","0.08588","0.11963","0.17900","0.21900","0.26350","0.32750","0.46325"
"21.07.2020","Tue","0.08525","0.11250","0.17575","0.21513","0.25550","0.33988","0.46438"
"20.07.2020","Mon","0.08550","0.11275","0.17563","0.21500","0.25775","0.34275","0.46850"
"17.07.2020","Fri","0.08563","0.11400","0.17988","0.21738","0.27138","0.33363","0.47000"
"16.07.2020","Thu","0.08675","0.11163","0.18675","0.22263","0.27175","0.34238","0.47550"
"15.07.2020","Wed","0.08425","0.11850","0.18088","0.23313","0.27288","0.33463","0.47688"
"14.07.2020","Tue","0.07750","0.11225","0.17663","0.22725","0.27088","0.34138","0.48100"
"13.07.2020","Mon","0.08200","0.11138","0.17475","0.24375","0.27500","0.33925","0.48125"
"10.07.2020","Fri","0.08138","0.10438","0.17538","0.23125","0.26813","0.34538","0.48013"
"09.07.2020","Thu","0.08175","0.10938","0.17825","0.23463","0.26625","0.34850","0.48413"
"08.07.2020","Wed","0.08288","0.11125","0.18825","0.23638","0.27288","0.35338","0.48813"
"07.07.2020","Tue","0.08300","0.11200","0.18250","0.23313","0.26838","0.36025","0.49225"
"06.07.2020","Mon","0.08288","0.11325","0.16588","0.23550","0.27650","0.36425","0.51563"
"03.07.2020","Fri","0.08288","0.10913","0.16263","0.23375","0.27588","0.36625","0.50563"
"02.07.2020","Thu","0.08288","0.10150","0.16375","0.23375","0.30375","0.36613","0.53863"
"01.07.2020","Wed","0.07663","0.10338","0.16625","0.23338","0.29850","0.38425","0.53325"
"30.06.2020","Tue","0.08088","0.09663","0.16225","0.22875","0.30200","0.36925","0.54575"
"29.06.2020","Mon","0.08175","0.10500","0.17100","0.23725","0.29613","0.36688","0.55588"
"26.06.2020","Fri","0.07113","0.10725","0.17825","0.24263","0.30788","0.36138","0.56625"
"25.06.2020","Thu","0.07563","0.10663","0.18363","0.24925","0.30600","0.36463","0.57038"
"24.06.2020","Wed","0.07425","0.10388","0.17950","0.24188","0.28375","0.37938","0.56375"
"23.06.2020","Tue","0.07113","0.10850","0.18450","0.25200","0.29688","0.38263","0.56538"
"22.06.2020","Mon","0.06988","0.10563","0.18475","0.25788","0.29663","0.39450","0.57375"
"19.06.2020","Fri","0.07525","0.11250","0.19013","0.26700","0.30513","0.41450","0.57575"
"18.06.2020","Thu","0.07638","0.11250","0.19000","0.27388","0.30638","0.42475","0.57738"
"17.06.2020","Wed","0.07550","0.11275","0.19388","0.28250","0.31625","0.42475","0.58388"
"16.06.2020","Tue","0.07163","0.11250","0.19375","0.28438","0.30788","0.42975","0.58550"
"15.06.2020","Mon","0.06975","0.11100","0.19388","0.27800","0.29900","0.43088","0.59075"
"12.06.2020","Fri","0.06613","0.11038","0.19513","0.27050","0.32088","0.43200","0.59338"
"11.06.2020","Thu","0.06550","0.10500","0.18475","0.26050","0.31338","0.41963","0.60463"
"10.06.2020","Wed","0.06325","0.10463","0.19050","0.26738","0.31838","0.42650","0.64550"
"09.06.2020","Tue","0.06300","0.10450","0.18788","0.26800","0.31463","0.46050","0.63275"
"08.06.2020","Mon","0.06075","0.09713","0.17663","0.26125","0.30975","0.48338","0.62988"
"05.06.2020","Fri","0.06250","0.09613","0.18013","0.26575","0.31288","0.48125","0.63400"
"04.06.2020","Thu","0.05975","0.09500","0.17525","0.25963","0.31763","0.48050","0.62775"
"03.06.2020","Wed","0.06188","0.08863","0.17363","0.23975","0.32663","0.47650","0.62250"
"02.06.2020","Tue","0.06500","0.09175","0.17875","0.24538","0.33050","0.48200","0.62550"
"01.06.2020","Mon","0.06200","0.09775","0.17813","0.25500","0.33713","0.49625","0.63750"
"29.05.2020","Fri","0.06150","0.09163","0.18250","0.27900","0.34400","0.50975","0.67350"
"28.05.2020","Thu","0.06300","0.09150","0.17263","0.27713","0.35000","0.51500","0.67688"
"27.05.2020","Wed","0.06163","0.08825","0.17363","0.28875","0.36250","0.54838","0.68050"
"26.05.2020","Tue","0.06025","0.09488","0.16950","0.28525","0.37125","0.57163","0.67975"
"22.05.2020","Fri","0.06075","0.09200","0.17375","0.28163","0.36925","0.57000","0.68175"
"21.05.2020","Thu","0.06113","0.09350","0.16825","0.27738","0.35950","0.57663","0.68488"
"20.05.2020","Wed","0.06238","0.09425","0.17300","0.28825","0.35800","0.58613","0.70638"
"19.05.2020","Tue","0.06038","0.09300","0.17088","0.30538","0.37413","0.59038","0.72188"
"18.05.2020","Mon","0.05975","0.10000","0.17075","0.29925","0.37663","0.62813","0.71825"
"15.05.2020","Fri","0.06200","0.09838","0.17238","0.29450","0.38050","0.65900","0.75538"
"14.05.2020","Thu","0.06150","0.10588","0.18213","0.30213","0.38563","0.66538","0.76175"
"13.05.2020","Wed","0.06100","0.10075","0.18363","0.31525","0.39238","0.67513","0.76938"
"12.05.2020","Tue","0.06063","0.10025","0.18388","0.33188","0.42400","0.65863","0.76875"
"11.05.2020","Mon","0.06163","0.09550","0.19088","0.33913","0.43350","0.65888","0.76563"
"07.05.2020","Thu","0.06100","0.11075","0.19800","0.35425","0.43463","0.68800","0.78288"
"06.05.2020","Wed","0.06250","0.10463","0.22163","0.38538","0.44763","0.69438","0.79825"
"05.05.2020","Tue","0.05775","0.11475","0.24725","0.41338","0.47400","0.70013","0.83125"
"04.05.2020","Mon","0.05725","0.10163","0.26275","0.47975","0.50088","0.70450","0.82863"
"01.05.2020","Fri","0.05838","0.11588","0.30338","0.53975","0.54088","0.71300","0.83550"
"30.04.2020","Thu","0.06050","0.13188","0.32963","0.59050","0.55613","0.75950","0.86463"
"29.04.2020","Wed","0.05488","0.14788","0.37013","0.63763","0.68663","0.80488","0.89863"
"28.04.2020","Tue","0.05075","0.13650","0.40363","0.70250","0.76013","0.86188","0.90975"
"27.04.2020","Mon","0.05600","0.16513","0.43763","0.76350","0.84075","0.89313","0.92513"
"24.04.2020","Fri","0.05675","0.15663","0.44088","0.82775","0.88713","0.92225","0.93950"
"23.04.2020","Thu","0.05825","0.14138","0.48725","0.84413","0.99138","0.96525","0.96025"
"22.04.2020","Wed","0.06350","0.13338","0.56975","0.86638","1.02025","0.99063","0.97038"
"21.04.2020","Tue","0.06313","0.16875","0.62463","0.90788","1.04300","1.02425","0.98650"
"20.04.2020","Mon","0.06463","0.18900","0.66738","0.94125","1.09763","1.07588","0.98213"
"17.04.2020","Fri","0.06700","0.18050","0.67275","0.95238","1.10900","1.10250","0.98188"
"16.04.2020","Thu","0.06700","0.20813","0.71825","0.97575","1.13525","1.12500","0.98125"
"15.04.2020","Wed","0.06613","0.21350","0.75075","1.03850","1.13488","1.15013","1.01413"
"14.04.2020","Tue","0.07163","0.22388","0.79413","1.04225","1.17613","1.15875","1.02588"
"09.04.2020","Thu","0.06775","0.23375","0.81400","1.06475","1.21888","1.22588","1.05088"
"08.04.2020","Wed","0.07188","0.24600","0.82888","1.05850","1.31138","1.22825","1.05313"
"07.04.2020","Tue","0.07700","0.29375","0.86350","1.09913","1.31988","1.22450","1.04475"
"06.04.2020","Mon","0.07450","0.29188","0.92125","1.11000","1.35238","1.23825","1.04263"
"03.04.2020","Fri","0.07663","0.29988","0.98513","1.20200","1.38738","1.20888","1.04988"
"02.04.2020","Thu","0.08588","0.40188","0.98163","1.24250","1.37300","1.20488","1.06013"
"01.04.2020","Wed","0.10875","0.42863","1.01625","1.24450","1.43650","1.19525","1.00238"
"31.03.2020","Tue","0.11900","0.49913","0.99288","1.26100","1.45050","1.17525","0.99750"
"30.03.2020","Mon","0.12088","0.58888","0.98450","1.26388","1.43338","1.09175","1.01400"
"27.03.2020","Fri","0.13625","0.61188","0.98938","1.25638","1.45013","1.07200","0.96850"
"26.03.2020","Thu","0.14988","0.63813","0.94088","1.14738","1.37463","1.05763","0.97275"
"25.03.2020","Wed","0.20125","0.64375","0.95913","1.15638","1.26700","1.06763","0.98750"
"24.03.2020","Tue","0.17813","0.68388","0.92488","1.10163","1.23238","0.98213","0.95675"
"23.03.2020","Mon","0.20650","0.68713","0.94663","1.05400","1.21563","0.97325","0.93738"
"20.03.2020","Fri","0.21188","0.73488","0.92850","1.10000","1.20413","0.99425","0.93350"
"19.03.2020","Thu","0.29825","0.76975","0.92363","1.07963","1.19513","0.97950","0.92200"
"18.03.2020","Wed","0.37988","0.79375","0.77288","0.96063","1.11575","0.95200","0.88938"
"17.03.2020","Tue","0.25813","0.67463","0.75000","0.90325","1.05188","0.91300","0.86175"
"16.03.2020","Mon","0.23925","0.63763","0.61163","0.71675","0.88938","0.84375","0.81938"
"13.03.2020","Fri","1.08488","0.84725","0.80013","0.82100","0.84313","0.82138","0.82163"
"12.03.2020","Thu","1.08663","0.88225","0.70463","0.73325","0.74050","0.73788","0.75975"
"11.03.2020","Wed","1.08400","1.03950","0.79663","0.79363","0.77250","0.74400","0.74650"
"10.03.2020","Tue","1.08200","1.07125","0.81138","0.79038","0.78413","0.76963","0.79213"
"09.03.2020","Mon","1.08113","1.06838","0.72488","0.71038","0.76813","0.73538","0.74350"
"06.03.2020","Fri","1.07975","1.07475","0.86263","0.87663","0.89600","0.87988","0.84563"
"05.03.2020","Thu","1.08213","1.10938","1.00513","1.00863","0.99888","0.97463","0.94425"
"04.03.2020","Wed","1.08775","1.14438","1.01625","1.01913","1.00063","0.98888","0.96750"
"03.03.2020","Tue","1.57563","1.53588","1.37675","1.37563","1.31425","1.25200","1.24563"
"02.03.2020","Mon","1.57463","1.56125","1.35575","1.30488","1.25375","1.19838","1.15388"
"28.02.2020","Fri","1.56775","1.56800","1.51525","1.50263","1.46275","1.39725","1.38150"
"27.02.2020","Thu","1.57400","1.58500","1.58113","1.59738","1.58038","1.53325","1.53725"
"26.02.2020","Wed","1.57150","1.58250","1.60338","1.61900","1.61325","1.59025","1.61013"
"25.02.2020","Tue","1.56900","1.57925","1.61263","1.63563","1.63763","1.62863","1.64575"
"24.02.2020","Mon","1.57550","1.59350","1.61613","1.63688","1.64663","1.62763","1.63475"
"21.02.2020","Fri","1.57025","1.58113","1.62675","1.67675","1.67925","1.67475","1.72863"
"20.02.2020","Thu","1.56713","1.58138","1.62888","1.68163","1.68275","1.69563","1.76175"
"19.02.2020","Wed","1.57688","1.58238","1.63938","1.68875","1.69600","1.69875","1.76888"
"18.02.2020","Tue","1.56338","1.58338","1.64700","1.66038","1.69463","1.71488","1.77188"
"17.02.2020","Mon","","1.58225","1.64675","1.64575","1.69288","1.72488","1.79275"
"14.02.2020","Fri","1.57613","1.58325","1.65825","1.66250","1.69175","1.71000","1.79838"
"13.02.2020","Thu","1.57338","1.58225","1.65850","1.66825","1.69163","1.71288","1.80200"
"12.02.2020","Wed","1.57413","1.58450","1.65013","1.67725","1.70375","1.72538","1.81275"
"11.02.2020","Tue","1.57125","1.58250","1.65275","1.67963","1.70725","1.72450","1.80713"
"10.02.2020","Mon","1.57463","1.58375","1.65788","1.71275","1.71313","1.72063","1.80050"
"07.02.2020","Fri","1.57738","1.58013","1.66525","1.72375","1.73088","1.74038","1.83488"
"06.02.2020","Thu","1.57200","1.57600","1.67088","1.72788","1.73413","1.74963","1.84263"
"05.02.2020","Wed","1.57513","1.58125","1.66963","1.72563","1.74163","1.75888","1.83113"
"04.02.2020","Tue","1.56550","1.58538","1.66625","1.72375","1.73738","1.74350","1.80300"
"03.02.2020","Mon","1.56800","1.58263","1.66775","1.72350","1.74100","1.71700","1.76900"
"31.01.2020","Fri","1.56875","1.58913","1.66188","1.73100","1.75113","1.74525","1.80663"
"30.01.2020","Thu","1.54388","1.57613","1.65500","1.74125","1.76325","1.76338","1.82163"
"29.01.2020","Wed","1.52963","1.56550","1.64525","1.76238","1.77713","1.77925","1.84713"
"28.01.2020","Tue","1.53300","1.56075","1.65000","1.76400","1.76950","1.77100","1.83125"
"27.01.2020","Mon","1.53175","1.56275","1.64925","1.77213","1.77450","1.78350","1.83725"
"24.01.2020","Fri","1.53188","1.56175","1.65950","1.78038","1.79538","1.80525","1.87988"
"23.01.2020","Thu","1.53163","1.56088","1.66088","1.76575","1.79413","1.82175","1.89450"
"22.01.2020","Wed","1.53263","1.55325","1.65938","1.76988","1.80088","1.82463","1.91900"
"21.01.2020","Tue","1.53925","1.55238","1.65950","1.78250","1.80625","1.83438","1.91838"
"20.01.2020","Mon","","1.56225","1.65338","1.78638","1.80213","1.82950","1.92463"
"17.01.2020","Fri","1.53113","1.55575","1.65438","1.79250","1.81913","1.84488","1.92300"
"16.01.2020","Thu","1.53563","1.55750","1.65775","1.79888","1.82663","1.84875","1.93013"
"15.01.2020","Wed","1.52838","1.55888","1.66900","1.78663","1.83613","1.86500","1.95275"
"14.01.2020","Tue","1.53125","1.56713","1.66963","1.78600","1.84263","1.86450","1.96313"
"13.01.2020","Mon","1.53513","1.56600","1.67625","1.79513","1.83125","1.87250","1.96200"
"10.01.2020","Fri","1.53313","1.56438","1.67663","1.80650","1.83775","1.87213","1.96663"
"09.01.2020","Thu","1.52700","1.56200","1.68363","1.84113","1.84788","1.87963","1.96875"
"08.01.2020","Wed","1.53250","1.57475","1.67713","1.83688","1.83400","1.87438","1.95113"
"07.01.2020","Tue","1.52788","1.58613","1.69900","1.81225","1.87800","1.88050","1.95450"
"06.01.2020","Mon","1.53700","1.57863","1.69213","1.80388","1.87225","1.89425","1.95488"